{
  "accuracy": 0.8204724409448819,
  "balanced_accuracy": 0.7818390173748215,
  "macro_f1": 0.7812573932120447
}